{"IcoMoonType":"selection","icons":[{"icon":{"paths":["M964.803 547.011h-417.987v417.89c0 19.228-15.588 34.816-34.816 34.816s-34.816-15.588-34.816-34.816l0 0v-417.89h-417.987c-19.282 0-34.914-15.631-34.914-34.914s15.631-34.914 34.914-34.914h417.987v-417.987c0-19.228 15.588-34.816 34.816-34.816s34.816 15.588 34.816 34.816l-0-0v417.987h417.987c19.282 0 34.914 15.631 34.914 34.914s-15.631 34.914-34.914 34.914h0"],"attrs":[{"strokeLinejoin":"miter","strokeLinecap":"butt","strokeMiterlimit":"10","strokeWidth":48.76190476190476}],"isMulticolor":false,"isMulticolor2":false,"tags":["Arrow-Plus"],"defaultCode":59652,"grid":0},"attrs":[{"strokeLinejoin":"miter","strokeLinecap":"butt","strokeMiterlimit":"10","strokeWidth":48.76190476190476}],"properties":{"order":85,"name":"Arrow-Plus","prevSize":32,"id":53,"code":59652},"setIdx":0,"setId":6,"iconIdx":53},{"icon":{"paths":["M531.2 478.208s-0.448 0-0.704 0v0c-0.448-0.64 0-1.536-0.768-2.24v0l-422.848-429.44c-7.46-8.918-18.592-14.55-31.040-14.55s-23.58 5.632-30.988 14.487l-0.052 0.063c-7.967 9.368-12.813 21.606-12.813 34.976s4.846 25.608 12.877 35.053l-0.064-0.077 390.4 396.16-388.864 394.816c-8.026 9.345-12.913 21.59-12.913 34.976s4.887 25.631 12.973 35.048l-0.060-0.072c7.415 8.978 18.548 14.657 31.008 14.657s23.593-5.679 30.954-14.589l0.054-0.068 422.848-429.12c7.955-9.175 12.803-21.232 12.803-34.421 0-0.206-0.001-0.412-0.004-0.618l0 0.031c0.003-0.2 0.004-0.437 0.004-0.673 0-13.182-4.849-25.232-12.86-34.464l0.055 0.065z"],"width":576,"attrs":[],"isMulticolor":false,"isMulticolor2":false,"tags":["Arrow-Thin-Right"],"defaultCode":59659,"grid":0},"attrs":[],"properties":{"order":88,"name":"Arrow-Thin-Right","prevSize":32,"id":60,"code":59659},"setIdx":0,"setId":6,"iconIdx":60},{"icon":{"paths":["M583.534 321.829c-18.459-18.118-43.778-29.301-71.71-29.301-27.189 0-51.904 10.597-70.238 27.885l0.051-0.047-412.379 395.118c-17.899 16.875-29.044 40.745-29.044 67.218s11.144 50.344 28.998 67.175l0.046 0.043c18.288 17.258 43.014 27.866 70.217 27.866s51.93-10.608 70.267-27.913l-0.050 0.047 342.309-327.68 342.455 327.68c18.288 17.258 43.014 27.866 70.217 27.866s51.93-10.608 70.267-27.913l-0.050 0.047c17.899-16.875 29.044-40.745 29.044-67.218s-11.144-50.344-28.998-67.175l-0.046-0.043z"],"attrs":[],"isMulticolor":false,"isMulticolor2":false,"tags":["Arrow-xSmall-Up"],"defaultCode":59664,"grid":0},"attrs":[],"properties":{"order":96,"name":"Arrow-xSmall-Up","prevSize":32,"id":65,"code":59664},"setIdx":0,"setId":6,"iconIdx":65},{"icon":{"paths":["M960 1024h-896c-35.346 0-64-28.654-64-64v0-768c0-35.346 28.654-64 64-64v0h192v-96c1.256-16.685 15.103-29.747 32-29.747s30.744 13.062 31.993 29.639l0.007 0.107v96h384v-96c0-17.673 14.327-32 32-32s32 14.327 32 32v0 96h192c35.346 0 64 28.654 64 64v0 768c0 35.346-28.654 64-64 64v0zM64 512v448h896v-448zM64 192v256h896v-256z"],"attrs":[],"isMulticolor":false,"isMulticolor2":false,"tags":["Icon-Calendar"],"defaultCode":59688,"grid":0},"attrs":[],"properties":{"order":87,"name":"Icon-Calendar","prevSize":32,"id":89,"code":59688},"setIdx":0,"setId":6,"iconIdx":89},{"icon":{"paths":["M1005.653 916.565c11.363 11.385 18.39 27.101 18.39 44.459 0 34.758-28.177 62.934-62.934 62.934-17.4 0-33.151-7.061-44.543-18.475l-0.001-0.001-404.565-404.608-404.565 404.651c-11.389 11.389-27.122 18.433-44.501 18.433-34.758 0-62.934-28.177-62.934-62.934 0-17.379 7.044-33.112 18.433-44.501l404.608-404.523-404.608-404.523c-10.839-11.288-17.514-26.645-17.514-43.562 0-34.757 28.176-62.933 62.933-62.933 16.906 0 32.255 6.666 43.562 17.513l-0.022-0.021 404.608 404.565 404.48-404.48c11.476-11.973 27.6-19.414 45.461-19.414 34.757 0 62.933 28.176 62.933 62.933 0 17.83-7.414 33.927-19.328 45.378l-0.021 0.020-404.565 404.523z"],"attrs":[],"isMulticolor":false,"isMulticolor2":false,"tags":["Icon-Close"],"defaultCode":59691,"grid":0},"attrs":[],"properties":{"order":84,"name":"Icon-Close","prevSize":32,"id":92,"code":59691},"setIdx":0,"setId":6,"iconIdx":92},{"icon":{"paths":["M684.117 1024h-386.901c-0.104 0.001-0.227 0.001-0.351 0.001-17.089 0-32.576-6.858-43.86-17.971l0.008 0.008c-12.009-11.181-20.050-26.483-21.862-43.643l-0.026-0.303-71.893-738.517h-42.667c-0.020 0-0.045 0-0.069 0-8.602 0-16.354-3.636-21.804-9.456l-0.015-0.017c-5.694-5.774-9.21-13.708-9.21-22.464s3.516-16.69 9.214-22.468l-0.004 0.004c5.462-5.811 13.198-9.43 21.779-9.43 0.038 0 0.076 0 0.114 0l-0.006-0h218.581v-86.912c-0.010-0.449-0.016-0.979-0.016-1.509 0-19.761 8.177-37.612 21.331-50.355l0.018-0.018c12.746-12.937 30.456-20.952 50.039-20.952 0.198 0 0.396 0.001 0.594 0.002l-0.030-0h167.168c0.171-0.002 0.373-0.002 0.575-0.002 19.566 0 37.259 8.016 49.976 20.942l0.009 0.010c13.173 12.761 21.35 30.612 21.35 50.373 0 0.531-0.006 1.060-0.018 1.588l0.001-0.079v86.869h218.709c0.032-0 0.070-0 0.109-0 8.581 0 16.317 3.619 21.765 9.414l0.015 0.016c5.694 5.774 9.21 13.708 9.21 22.464s-3.516 16.69-9.214 22.468l0.004-0.004c-5.465 5.836-13.218 9.472-21.819 9.472-0.024 0-0.048-0-0.073-0l0.004 0h-42.667l-72.96 738.603c-1.158 17.437-8.957 32.855-20.865 43.909l-0.041 0.038c-11.278 11.081-26.753 17.921-43.826 17.921-0.132 0-0.265-0-0.397-0.001l0.020 0zM222.379 223.573v0l70.955 732.544c0.194 1 0.715 1.855 1.444 2.469l0.006 0.005c0.585 0.767 1.433 1.308 2.408 1.49l0.024 0.004h386.859c0.934-0.068 1.773-0.428 2.439-0.987l-0.007 0.005c0.885-0.616 1.457-1.629 1.457-2.775 0-0.074-0.002-0.148-0.007-0.222l0.001 0.010 70.997-732.544h-536.576zM407.083 62.848c-2.694 0.006-5.12 1.152-6.821 2.981l-0.005 0.006c-1.792 1.779-2.901 4.243-2.901 6.966 0 0.011 0 0.022 0 0.033l-0-0.002v86.869h186.667v-86.869c0-0.009 0-0.020 0-0.031 0-2.723-1.109-5.188-2.901-6.965l-0.001-0.001c-1.707-1.834-4.132-2.98-6.826-2.987l-0.001-0z"],"attrs":[{"fill":"rgb(145, 150, 163)"}],"isMulticolor":false,"isMulticolor2":false,"tags":["Icon-Delete"],"defaultCode":59697,"grid":0},"attrs":[{"fill":"rgb(145, 150, 163)"}],"properties":{"order":94,"name":"Icon-Delete","prevSize":32,"id":98,"code":59697},"setIdx":0,"setId":6,"iconIdx":98},{"icon":{"paths":["M512 1024c-0.044 0-0.095 0-0.147 0-282.77 0-512-229.23-512-512 0-141.421 57.337-269.451 150.033-362.11l0.002-0.002c92.662-92.662 220.672-149.974 362.069-149.974 282.794 0 512.043 229.25 512.043 512.043 0 141.397-57.312 269.408-149.974 362.069v0c-92.148 92.641-219.714 149.975-360.671 149.975-0.476 0-0.953-0.001-1.429-0.002l0.073 0zM512 68.267c-245.067-0-443.733 198.666-443.733 443.733s198.666 443.733 443.733 443.733c245.067 0 443.733-198.666 443.733-443.733v0c-0.291-244.95-198.783-443.442-443.705-443.733l-0.028-0zM411.179 698.88c-0.112 0.001-0.244 0.002-0.377 0.002-8.402 0-16.045-3.246-21.744-8.553l0.019 0.018c-0.243-0.232-0.412-0.541-0.468-0.887l-0.001-0.009c-0.028-0.23-0.12-0.434-0.258-0.599l0.002 0.002s-0.299-0.213-0.512-0.256c-0.23-0.026-0.435-0.118-0.599-0.257l0.002 0.001-126.976-120.875c-6.151-5.679-9.99-13.783-9.99-22.784s3.839-17.105 9.969-22.765l0.021-0.019c6.279-5.87 14.74-9.475 24.043-9.475s17.764 3.605 24.063 9.493l-0.020-0.019 106.667 101.376 305.067-289.408c5.75-5.445 13.535-8.794 22.101-8.794s16.351 3.348 22.116 8.808l-0.015-0.014c5.632 5.208 9.163 12.619 9.216 20.854l0 0.010c0 0.031 0 0.068 0 0.105 0 8.369-3.538 15.911-9.2 21.213l-0.016 0.015-331.179 314.325c-5.644 5.262-13.242 8.492-21.594 8.492-0.118 0-0.236-0.001-0.354-0.002l0.018 0z"],"attrs":[],"isMulticolor":false,"isMulticolor2":false,"tags":["Icon-Free"],"defaultCode":59704,"grid":0},"attrs":[],"properties":{"order":93,"name":"Icon-Free","prevSize":32,"id":105,"code":59704},"setIdx":0,"setId":6,"iconIdx":105},{"icon":{"paths":["M68.267 554.667c-0.609 0.020-1.325 0.031-2.043 0.031-35.811 0-64.987-28.408-66.221-63.919l-0.003-0.113c1.261-35.627 30.446-64.030 66.265-64.030 0.704 0 1.405 0.011 2.104 0.033l-0.102-0.003h887.467c0.572-0.018 1.244-0.028 1.919-0.028 35.835 0 65.039 28.392 66.344 63.909l0.003 0.119c-1.261 35.627-30.446 64.030-66.265 64.030-0.704 0-1.405-0.011-2.104-0.033l0.102 0.003z"],"attrs":[],"isMulticolor":false,"isMulticolor2":false,"tags":["Icon-Minus"],"defaultCode":59718,"grid":0},